id,type,title,year,genres,official_rating,synopsis,fiche_url,gold_age,gold_violence,gold_sexNudity,gold_language,gold_substanceUse,gold_consumerism,gold_positiveMessages,gold_roleModels,notes
132ccbe7-d917-4152-9b45-732494044cdf,GAME,007 First Light,2026,Tir; Aventure,PEGI_16,"Jeu d'espionnage narratif suivant un jeune James Bond en formation MI6, découvrant ses débuts de recrue astucieuse et parfois imprudente, confronté à missions d'entraînement et premières opérations qui forgeront son identité d'agent.",https://totemavise.com/media/132ccbe7-d917-4152-9b45-732494044cdf,,,,,,,,,
f8580691-1875-469a-8840-0fe3cfed83fa,GAME,12 Party Games Collection,2025,Arcade,PEGI_7,"12 Party Games Collection propose une série de mini-jeux d'arcade pensés pour animer les réunions familiales. Chaque jeu favorise une dynamique joyeuse et compétitive, permettant aux joueurs de tout âge de participer. Conçu pour le multijoueur, il renforce les liens familiaux à travers des défis amu",https://totemavise.com/media/f8580691-1875-469a-8840-0fe3cfed83fa,,,,,,,,,
91c8d5c4-aef4-4ecd-b7ee-e54a2fc91a74,GAME,Animal Crossing: New Horizons - Happy Home Paradise,2021,Simulation,PEGI_3,"Dans ce DLC d'Animal Crossing, vous rejoignez une équipe qui conçoit des maisons de vacances pour des clients sur des îles. Vous discutez avec chaque client pour connaître ses souhaits puis aménagez et décorez des logements à thèmes.",https://totemavise.com/media/91c8d5c4-aef4-4ecd-b7ee-e54a2fc91a74,,,,,,,,,
038248bd-1ded-4378-9581-3f7083e94778,GAME,Ascendance Unbound,2025,Plateforme; Aventure,PEGI_3,"Vous incarnez un explorateur qui grimpe vers le ciel dans Ascendance, un monde paisible aux paysages artistiques rempli d'énigmes légères et de secrets à découvrir ; le gameplay privilégie la plateforme douce et l'exploration plutôt que le combat.",https://totemavise.com/media/038248bd-1ded-4378-9581-3f7083e94778,,,,,,,,,
4e2cfc63-a0d1-4f77-9917-33eec14b08ef,GAME,Baba Is You,2019,Puzzle; Stratégie; Indé,PEGI_3,"Baba Is You est un jeu de réflexion où le joueur déplace des blocs de mots pour modifier les règles d’un niveau. En changeant la syntaxe, on transforme objets et interactions pour résoudre des énigmes créatives.",https://totemavise.com/media/4e2cfc63-a0d1-4f77-9917-33eec14b08ef,,,,,,,,,
efe752b6-0296-48b5-be99-ecb902f14c91,GAME,BioShock 2 Remastered,2016,Tir; RPG,PEGI_18,"Dans la cité sous-marine déchue de Rapture, vous incarnez un prototype de protecteur déterminé à retrouver sa fille adoptive. Le jeu mêle exploration, combats intenses et dilemmes moraux dans un univers sombre sans compromis.",https://totemavise.com/media/efe752b6-0296-48b5-be99-ecb902f14c91,,,,,,,,,
9ec5f2aa-1590-4875-95b5-1fd48e826d54,GAME,Blue Prince,2025,Puzzle; Stratégie; Aventure; Indé,PEGI_3,"Dans le jeu Blue Prince, le joueur incarne un explorateur à Mt. Holly, où les couloirs mystérieux changent chaque matin. Ces espaces en constante évolution offrent de nouveaux défis sous la forme de puzzles stratégiques. Le but est de naviguer à travers ces défis pour découvrir les secrets cachés de",https://totemavise.com/media/9ec5f2aa-1590-4875-95b5-1fd48e826d54,,,,,,,,,
b39bcf07-4b9f-45ad-b790-041573d95e7b,GAME,Bully,2006,Aventure,PEGI_16,"Vous incarnez Jimmy Hopkins, un nouvel élève envoyé à la Bullworth Academy, où il doit naviguer entre intimidateurs, professeurs et factions scolaires. Le jeu suit ses tentatives pour s'imposer, protéger certains camarades et survivre aux règles d'une école corrompue.",https://totemavise.com/media/b39bcf07-4b9f-45ad-b790-041573d95e7b,,,,,,,,,
28d6864c-2647-4331-8d05-9f2532de1a2d,GAME,Dadish 4,2025,Plateforme; Aventure; Indé,PEGI_3,"Dadish 4 conserve le style de plateforme emblématique de la série tout en introduisant de nouvelles mécaniques. Les joueurs naviguent dans des environnements 3D avec des capacités améliorées, comme les sauts doubles et les attaques de dash, tout en résolvant des énigmes stratégiques.",https://totemavise.com/media/28d6864c-2647-4331-8d05-9f2532de1a2d,,,,,,,,,
a289cf2d-013f-4220-9484-5e56c77435b2,GAME,Danganronpa 2: Goodbye Despair,2012,Aventure; Visual novel,PEGI_16,"Hajime Hinata, nouvel étudiant, se réveille sur une île mystérieuse avec ses camarades, isolés du monde extérieur. Un ours mécanique nommé Monokuma lance un jeu mortel qui force les élèves à enquêter sur des meurtres pour tenter de s'en sortir.",https://totemavise.com/media/a289cf2d-013f-4220-9484-5e56c77435b2,,,,,,,,,
24eb7020-03e4-49fd-97fe-16b8b642963c,GAME,Dawn of Discovery: Venice,2010,Stratégie temps réel; Simulation; Stratégie,PEGI_7,"Dawn of Discovery: Venice est un add-on de stratégie et simulation où le joueur construit un empire commercial dans la Venise historique. À travers scénarios et missions, il gère routes, diplomatie et économie pour prospérer.",https://totemavise.com/media/24eb7020-03e4-49fd-97fe-16b8b642963c,,,,,,,,,
81123a3d-619c-4133-9355-d99a6afbd8a8,GAME,Dead Rising,2006,Action; Aventure,PEGI_18,"Frank West, photojournaliste indépendant, arrive dans une petite ville pour un scoop et découvre une invasion de zombies. Coincé dans un centre commercial, il doit survivre en improvisant des armes et enquêter sur l'origine de l'épidémie.",https://totemavise.com/media/81123a3d-619c-4133-9355-d99a6afbd8a8,,,,,,,,,
46838995-7ed8-49a3-89bf-cefaef9598f9,GAME,Divine Divinity,2002,RPG,PEGI_7,"Divine Divinity est un jeu de rôle fantastique où le joueur explore un vaste monde médiéval-fantastique rempli de quêtes non linéaires. Le joueur choisit une classe, améliore ses compétences et affronte divers ennemis dans des combats dynamiques.",https://totemavise.com/media/46838995-7ed8-49a3-89bf-cefaef9598f9,,,,,,,,,
b4bb891f-b257-4363-91ef-5ee104fe3c48,GAME,Divinity: Original Sin,2014,Puzzle; RPG; Stratégie au tour par tour; Aventure; Indé,PEGI_16,"Créez une équipe de héros dans un RPG tactique en monde ouvert où vos choix influencent dialogues et quêtes. Combattez au tour par tour, résolvez des énigmes et explorez librement, seul ou en coopération.",https://totemavise.com/media/b4bb891f-b257-4363-91ef-5ee104fe3c48,,,,,,,,,
41f41bd1-cdbe-4207-827d-866f6aa55087,GAME,Eggconsole Super Laydock Mission Striker MSX,2025,Tir,PEGI_7,"Dans Eggconsole Super Laydock Mission Striker MSX, le joueur prend le contrôle d'un appareil pour affronter vagues d'ennemis à l'aide d'armes variées et compétences tactiques. Le jeu mise sur un gameplay rapide et des défis qui demandent précision et stratégie.",https://totemavise.com/media/41f41bd1-cdbe-4207-827d-866f6aa55087,,,,,,,,,
25ad94ed-7493-4fe6-b5a6-b0dbc2c30aaa,GAME,Farm Love Legend: Transform your Animals into Anime Boys,2025,RPG; Simulation; Stratégie,PEGI_12,"Dans Farm Love Legend, les joueurs gèrent une ferme où ils capturent des animaux et les transforment en personnages d'anime. Le jeu mélange simulation agricole, éléments RPG et romances interactives permettant d'interagir et de 'dater' ces créatures humanisées.",https://totemavise.com/media/25ad94ed-7493-4fe6-b5a6-b0dbc2c30aaa,,,,,,,,,
1ebecd6f-2fa2-4850-a82a-cb6cf853a584,GAME,Fast RMX,2017,Course; Arcade,PEGI_3,FAST RMX met les joueurs aux commandes de véhicules anti-gravité pour des courses ultra-rapides sur des circuits futuristes. Le jeu propose du multijoueur local en écran partagé et des compétitions en ligne contre d'autres pilotes.,https://totemavise.com/media/1ebecd6f-2fa2-4850-a82a-cb6cf853a584,,,,,,,,,
ea8313a7-29a1-4240-b035-a5928e149ec7,GAME,FIFA 19,2018,Sport,PEGI_3,"FIFA 19 plonge le joueur dans le football de club avec l’intégration complète de la Ligue des champions de l’UEFA. Le jeu propose matchs solo, saisons et modes en ligne axés sur la compétition et la gestion d’équipes.",https://totemavise.com/media/ea8313a7-29a1-4240-b035-a5928e149ec7,,,,,,,,,
f182edd0-9231-41a3-8052-e982457c8408,GAME,FIFA 23,2022,Simulation; Sport,PEGI_3,"FIFA 23 est un simulateur de football qui utilise la technologie HyperMotion2 pour rendre les déplacements et les actions des joueurs plus réalistes. Le jeu inclut des équipes féminines, plusieurs modes de jeu et le cross-play pour affronter d'autres plateformes.",https://totemavise.com/media/f182edd0-9231-41a3-8052-e982457c8408,,,,,,,,,
3b5c6264-ceaa-4e34-ae56-3737390404e3,GAME,Final Fantasy XV,2016,RPG; Action; Aventure,PEGI_16,"Incarnez Noctis, prince héritier de Lucis, qui part en voyage avec ses amis pour tenter de reprendre sa patrie face à une puissance impériale. Explorez le vaste monde d'Eos, affrontez des créatures gigantesques et relevez des défis en équipe.",https://totemavise.com/media/3b5c6264-ceaa-4e34-ae56-3737390404e3,,,,,,,,,
01414018-2c2b-41a3-b2f3-0537b45382d1,GAME,Flower,2009,Puzzle; Simulation; Aventure,PEGI_3,"Vous incarnez un souffle de vent qui guide des pétales à travers des paysages oniriques pour réveiller et transformer l'environnement, dans une expérience d'exploration libre axée sur la musique et l'ambiance.",https://totemavise.com/media/01414018-2c2b-41a3-b2f3-0537b45382d1,,,,,,,,,
a3d6fee6-dbbf-4537-9803-e096aa323840,GAME,Gothic II,2002,RPG; Stratégie; Aventure,PEGI_12,"Dans Gothic II, vous incarnez un héros sans nom arrivé dans une province médiévale dangereuse où créatures et factions s'affrontent. Vous explorez un monde ouvert, acceptez des quêtes et forgez des alliances qui guident votre progression sans en révéler la fin.",https://totemavise.com/media/a3d6fee6-dbbf-4537-9803-e096aa323840,,,,,,,,,
ced84a43-f4b1-4d7a-ae0c-489aee0a11e1,GAME,Grand Theft Auto V,2013,Tir; Course; Aventure; Arcade,PEGI_18,"Dans un vaste monde ouvert inspiré de Los Angeles, vous incarnez trois criminels aux compétences distinctes. Le jeu propose des missions variées — braquages, courses et combats — centrées sur la criminalité, la violence et des dilemmes moraux.",https://totemavise.com/media/ced84a43-f4b1-4d7a-ae0c-489aee0a11e1,,,,,,,,,
2219e049-72ce-43f2-a2b3-ac2b6bbd0470,GAME,Harry Potter and the Prisoner of Azkaban,2004,Plateforme; Aventure,PEGI_3,"Dans ce jeu d'action-aventure adapté du troisième film, les joueurs incarnent Harry, Ron et Hermione à Poudlard. Ils explorent le château, résolvent des énigmes, lancent des sorts et collectent des objets sans dévoiler l'intrigue du récit.",https://totemavise.com/media/2219e049-72ce-43f2-a2b3-ac2b6bbd0470,,,,,,,,,
bddf2ab9-a39e-4b54-89fe-f72df8e94576,GAME,Hell is Us,2025,RPG; Aventure,PEGI_18,"Dans un pays isolé ravagé par des luttes internes, incarnez un protagoniste qui cherche à percer les mystères de son passé. Confrontez une calamité mystérieuse et les conséquences humaines de la guerre à travers exploration et choix moraux.",https://totemavise.com/media/bddf2ab9-a39e-4b54-89fe-f72df8e94576,,,,,,,,,
b81bffec-ea08-4ae6-a9e9-9bdda394f517,GAME,Kirby's Return to Dream Land Deluxe,2023,Plateforme; Aventure,PEGI_7,Kirby aide Magolor à retrouver les pièces de son vaisseau dans une aventure de plateformes colorée. Le héros peut copier les capacités ennemies pour progresser et propose un mode coop local pour jouer avec des amis.,https://totemavise.com/media/b81bffec-ea08-4ae6-a9e9-9bdda394f517,,,,,,,,,
2417f41c-4b5c-40a1-b7ff-08051d0a97e7,GAME,Little Nightmares III,2025,Plateforme; Puzzle; Aventure,PEGI_16,"Dans Little Nightmares III, suivez Low et Alone, deux enfants tentant d'échapper à un monde cauchemardesque plein de délires. Ils traversent lieux troublants, résolvent des énigmes et évitent des menaces tapis dans l'ombre.",https://totemavise.com/media/2417f41c-4b5c-40a1-b7ff-08051d0a97e7,,,,,,,,,
a29de2ac-8207-4b26-bae1-34d64b06295a,GAME,Mario Kart 8 Deluxe,2017,Course; Arcade,PEGI_3,"Foncez sur des circuits colorés avec les personnages emblématiques de Nintendo dans Mario Kart 8 Deluxe, la version définitive du jeu de course arcade. Affrontez amis et adversaires en local ou en ligne, et utilisez objets et véhicules pour gagner. Propose de nombreux circuits, personnages et modes ",https://totemavise.com/media/a29de2ac-8207-4b26-bae1-34d64b06295a,,,,,,,,,
8b7eb638-b306-4b38-8add-a4719e1a2c6f,GAME,Minecraft: Java Edition,2011,Simulation; Aventure,PEGI_7,"Minecraft est un jeu bac à sable où les joueurs explorent, récoltent et construisent dans un monde composé de blocs. En modes Créatif ou Survie, on peut créer librement, affronter des créatures et collaborer ou jouer seul selon ses choix.",https://totemavise.com/media/8b7eb638-b306-4b38-8add-a4719e1a2c6f,,,,,,,,,
1687fb57-9abc-4096-bfef-3206986af85d,GAME,New Pokémon Snap,2021,Simulation; Aventure,PEGI_3,"New Pokémon Snap place le joueur dans la peau d'un photographe scientifique explorant un archipel pour documenter des Pokémon dans leur milieu naturel. À bord d'un véhicule autopiloté, on observe comportements et paysages pour en apprendre davantage sur leur écologie.",https://totemavise.com/media/1687fb57-9abc-4096-bfef-3206986af85d,,,,,,,,,
da430801-eca7-4846-b4a2-d0c86b8f22e9,GAME,Portal,2007,Plateforme; Puzzle; Aventure,PEGI_12,"Vous incarnez une personne réveillée dans un complexe de tests scientifiques et équipée d’un appareil créant des portails. Vous devez résoudre une série de chambres d’épreuve basées sur la physique pour progresser, sans explications initiales.",https://totemavise.com/media/da430801-eca7-4846-b4a2-d0c86b8f22e9,,,,,,,,,
4395c3c3-8882-400a-99c0-9bfd4c28af70,GAME,Psychonauts,2005,Plateforme; Puzzle; Aventure,PEGI_12,"Psychonauts suit Razputin, un jeune garçon qui quitte un cirque pour rejoindre une académie de psychonautes où il apprend à maîtriser ses pouvoirs mentaux. Il explore les esprits de personnages variés, découvrant mondes intérieurs et défis étranges sans révéler la suite de l'histoire.",https://totemavise.com/media/4395c3c3-8882-400a-99c0-9bfd4c28af70,,,,,,,,,
cda8f622-c569-4f37-b81c-a3296e1ac288,GAME,Ratchet & Clank: Rift Apart,2021,Tir; Plateforme; Aventure,PEGI_7,"Ratchet et son compagnon robot Clank plongent dans une aventure interdimensionnelle pour affronter un empereur maléfique venu d'une autre réalité. Les joueurs explorent mondes colorés, résolvent plateformes et combattent avec un arsenal inventif.",https://totemavise.com/media/cda8f622-c569-4f37-b81c-a3296e1ac288,,,,,,,,,
3fa9a840-2cf6-47bd-ba7f-de0b4e1513db,GAME,Rayman Legends,2013,Plateforme; Aventure,PEGI_7,"Le Royaume des Rêves est envahi par de nouveaux cauchemars et des monstres surgissent. Rayman et ses amis partent en aventure pour rétablir la paix à travers des niveaux colorés et coopératifs, axés plateforme et action.",https://totemavise.com/media/3fa9a840-2cf6-47bd-ba7f-de0b4e1513db,,,,,,,,,
7ba2d5a0-d507-4aea-bac3-65fd8a434651,GAME,Shovel Knight,2014,Plateforme; Aventure; Indé,PEGI_7,"Shovel Knight suit un petit chevalier maniant une pelle qui part sauver son amour et affronter des ennemis dans un royaume rétro. Le jeu mélange plateformes exigeantes, combats simples et exploration dans un style nostalgique et héroïque.",https://totemavise.com/media/7ba2d5a0-d507-4aea-bac3-65fd8a434651,,,,,,,,,
8c5fd1a7-079f-4ba2-9fbc-76537fafa489,GAME,SimCity Societies,2007,Simulation; Stratégie,PEGI_7,"SimCity Societies est un jeu de simulation où le joueur crée et gère une ville, en façonnant sa culture et son identité sociale. Vous concevez bâtiments, infrastructures et politiques pour influencer le comportement des habitants.",https://totemavise.com/media/8c5fd1a7-079f-4ba2-9fbc-76537fafa489,,,,,,,,,
b9deccff-df0b-4080-b14f-32d779c799b3,GAME,Stardew Valley,2016,RPG; Simulation; Stratégie; Aventure; Indé,PEGI_12,"Vous héritez d’une ferme délabrée et partez pour la campagne reconstruire votre exploitation en cultivant, élevant des animaux et améliorant vos compétences. Vous apprenez aussi à connaître les habitants et à protéger la communauté face à une entreprise menaçante.",https://totemavise.com/media/b9deccff-df0b-4080-b14f-32d779c799b3,,,,,,,,,
01f7bc58-97ea-432e-bdc6-614f7ae37393,GAME,Super Mario Odyssey,2017,Plateforme; Aventure,PEGI_7,"Mario et son nouvel allié Cappy voyagent hors du Royaume Champignon à la recherche de Lunes de Pouvoir. Utilisez la capacité de capturer créatures et objets pour explorer, résoudre des énigmes et contrer les plans de Bowser.",https://totemavise.com/media/01f7bc58-97ea-432e-bdc6-614f7ae37393,,,,,,,,,
9aea6382-a7a8-4ab6-aec1-5d0c62826140,GAME,The Room Two,2013,Pointer-cliquer; Puzzle; Indé,PEGI_7,"Vous êtes transporté dans les couloirs d'une crypte oubliée, où un piédestal de pierre renferme la clé de votre évasion. Guidé par les indices d'un allié mystérieux, vous devez explorer et résoudre des mécanismes et énigmes pour progresser.",https://totemavise.com/media/9aea6382-a7a8-4ab6-aec1-5d0c62826140,,,,,,,,,
8162070c-2a27-4941-bed2-b66c97d83da7,GAME,The Witcher 3: Wild Hunt - Game of the Year Edition,2016,RPG; Aventure,PEGI_18,"Vous incarnez Geralt de Riv, chasseur de monstres, parcourant un vaste monde ouvert rempli de quêtes, créatures et factions en conflit. Le jeu met l'accent sur l'exploration, le combat et des choix moraux qui influencent les relations et l'évolution du héros.",https://totemavise.com/media/8162070c-2a27-4941-bed2-b66c97d83da7,,,,,,,,,
41c7ee32-e4d0-4520-99e4-d029ec8b4edb,GAME,Thief: The Dark Project,1998,Simulation; Aventure,PEGI_16,"Vous incarnez Garrett, un voleur expert qui évolue dans une cité sombre et dangereuse, spécialisé dans la furtivité et le vol. En se faufilant dans cathédrales hantées, prisons et manoirs, il poursuit richesses et indices sur des complots sans révéler la suite.",https://totemavise.com/media/41c7ee32-e4d0-4520-99e4-d029ec8b4edb,,,,,,,,,
59561913-077b-4f7b-9ebf-507747ad0ca9,GAME,TrackMania Nations,2006,Course; Stratégie,PEGI_3,"TrackMania Nations ESWC est une version gratuite de TrackMania créée pour la compétition ESWC 2006. Les joueurs conçoivent, partagent et parcourent des pistes de course rapides, favorisant créativité et compétition en ligne.",https://totemavise.com/media/59561913-077b-4f7b-9ebf-507747ad0ca9,,,,,,,,,
52a05148-a981-48f0-b9c8-dcc6dbc28876,GAME,Until Dawn,2015,Aventure,PEGI_18,"Dans Until Dawn, huit adolescents se retrouvent piégés dans un chalet isolé et doivent survivre à une nuit terrifiante. Les joueurs prennent des décisions qui influencent le destin de chaque personnage via le «Butterfly Effect», rendant chaque partie unique et tendue.",https://totemavise.com/media/52a05148-a981-48f0-b9c8-dcc6dbc28876,,,,,,,,,
23cf08a5-977e-4b3b-adc7-62f7c5e60dab,GAME,World of Goo,2008,Puzzle; Simulation; Stratégie; Indé,PEGI_3,"World of Goo est un jeu de puzzle physique où le joueur utilise des globules de goo vivants pour construire des structures et résoudre des énigmes. Chaque niveau propose des défis basés sur l'équilibre et la créativité, avec des blobs au comportement curieux et malicieux. Le jeu mise sur l'expérimen",https://totemavise.com/media/23cf08a5-977e-4b3b-adc7-62f7c5e60dab,,,,,,,,,
8f4fe591-7b32-4680-8413-c4f0231c7a45,GAME,Yoshi's Crafted World,2019,Plateforme,PEGI_3,"Accompagnez Yoshi dans une aventure de plateformes au style diorama fait main; chaque niveau se découvre recto/verso avec secrets et défis légers. Le jeu mise sur l'exploration, la collecte et la coopération locale, dans une ambiance colorée et sans danger.",https://totemavise.com/media/8f4fe591-7b32-4680-8413-c4f0231c7a45,,,,,,,,,
0e9e2f46-5a30-4a9e-847f-fecf6f5eb8b9,MOVIE,5 toutous prêts à tout,2006,Aventure; Comédie; Familial,CSA_10,"Cinq adorables chiots dotés de la parole partent à l'aventure pour retrouver leurs parents kidnappés par des chasseurs d'animaux exotiques. En chemin, ils rencontrent des personnages amusants et vivent des situations comiques.",https://totemavise.com/media/0e9e2f46-5a30-4a9e-847f-fecf6f5eb8b9,,,,,,,,,
928ce9e1-e77c-4971-a1ea-f7eec5ba3ff5,MOVIE,65 : La Terre d'avant,2023,Action; Aventure; Science-Fiction,TP,"Après un crash, le pilote Mills et la seule autre survivante, Koa, se retrouvent sur une Terre il y a 65 millions d'années. Ils doivent traverser un monde hostile peuplé de créatures préhistoriques pour tenter de survivre.",https://totemavise.com/media/928ce9e1-e77c-4971-a1ea-f7eec5ba3ff5,,,,,,,,,
db2efffb-c2ff-4d4f-a417-fe15e857bd99,MOVIE,Apocalypse Now,1979,Drame; Guerre,TP,"Pendant la guerre du Vietnam, le capitaine Willard reçoit l'ordre secret d'aller retrouver un colonel devenu incontrôlable ; le film suit leur traversée fluviale et interroge la folie et l'horreur du conflit sans offrir de solutions faciles.",https://totemavise.com/media/db2efffb-c2ff-4d4f-a417-fe15e857bd99,,,,,,,,,
94940160-dd51-4da5-905c-097abc8dc521,MOVIE,Blink Twice,2024,Mystère; Thriller,CSA_12,"Lors d'une soirée bénéfice, Frida, une jeune serveuse afro-américaine, attire l'attention de Slater King, un milliardaire controversé. Invitée sur son île privée avec sa collègue Jess, elles découvrent rapidement que derrière le luxe se cache une menace inquiétante.",https://totemavise.com/media/94940160-dd51-4da5-905c-097abc8dc521,,,,,,,,,
3393ce29-40eb-4078-bb35-ef0e89738212,MOVIE,Coco,2017,Familial; Animation; Musique; Aventure,TP,"Miguel, un garçon passionné de musique mais issu d’une famille qui l’interdit, se retrouve projeté dans un monde coloré peuplé d’ancêtres où il cherche à comprendre ses racines et l’importance de la mémoire familiale.",https://totemavise.com/media/3393ce29-40eb-4078-bb35-ef0e89738212,,,,,,,,,
09c2ad52-0a08-463a-98c8-3281003563f3,MOVIE,Comme Cendrillon 2 : Danse jusqu'au bout de la nuit...,2008,Musique; Comédie; Romance; Familial,TOUS_PUBLICS,"Mary, maltraitée par sa belle-mère et ses demi-sœurs, rencontre Joey, une star montante, lors d'un bal et tombe amoureuse sans dévoiler leur identité. Joey organise ensuite un nouvel événement pour la retrouver, déclenchant musique, danse et quiproquos.",https://totemavise.com/media/09c2ad52-0a08-463a-98c8-3281003563f3,,,,,,,,,
50a7c093-e2fb-45d4-9279-643d39178b12,MOVIE,Compartiment tueurs,1965,Crime; Thriller; Mystère,TOUS_PUBLICS,"À bord du train de nuit Marseille–Paris, une jeune femme est retrouvée étranglée dans un compartiment. L'inspecteur Grazziani et son assistant Jean‑Lou Gabert mènent l'enquête alors que la tension monte quand d'autres passagers sont retrouvés morts un à un.",https://totemavise.com/media/50a7c093-e2fb-45d4-9279-643d39178b12,,,,,,,,,
9c1f222f-168f-4d2c-9e8d-b0ea1a7c1e90,MOVIE,Dancer in the Dark,2000,Drame; Crime,TP,"Selma, immigrée tchèque et mère célibataire qui perd la vue, travaille en usine et économise pour une opération destinée à son fils. Elle s'évade par des numéros musicaux tandis qu'une affaire de vol la place face à la justice dans un récit sombre et émotionnel.",https://totemavise.com/media/9c1f222f-168f-4d2c-9e8d-b0ea1a7c1e90,,,,,,,,,
fb3b6532-49d7-4354-826c-83b4b2f0ba87,MOVIE,Deadpool,2016,Action; Aventure; Comédie,16,"Wade Wilson, ancien soldat devenu mercenaire, subit une expérimentation qui lui donne des pouvoirs de régénération. Avec un humour noir et un ton irrévérencieux, il part en mission pour retrouver l'homme responsable tout en brisant le quatrième mur.",https://totemavise.com/media/fb3b6532-49d7-4354-826c-83b4b2f0ba87,,,,,,,,,
8a51edbf-9e24-4ed2-a8e1-33019147fb6b,MOVIE,Délivrance,1972,Drame; Aventure; Thriller,12,Quatre hommes de classe moyenne partent en week-end de canoë sur une rivière sauvage de Géorgie. Leur sortie en pleine nature dégénère rapidement en lutte pour la survie face à des dangers imprévus et aux tensions entre eux.,https://totemavise.com/media/8a51edbf-9e24-4ed2-a8e1-33019147fb6b,,,,,,,,,
91a243fa-8c58-4f14-8cee-0b9964a8f039,MOVIE,Dumbo,1941,Animation; Familial,TP,"Dumbo est un jeune éléphant aux grandes oreilles, moqué et séparé de sa mère au sein du cirque. Avec l'aide de son ami Timothée, il découvre une aptitude inattendue qui va changer sa vie.",https://totemavise.com/media/91a243fa-8c58-4f14-8cee-0b9964a8f039,,,,,,,,,
e5ba1a38-85b0-4ea2-b458-4c0fb8dd3b2d,MOVIE,Fanny,1932,Comédie; Drame,TOUS_PUBLICS,"Fanny, enceinte de Marius, doit faire face à la réaction de sa mère et aux conséquences de sa situation. Elle envisage d'épouser Panisse, un homme qui l'aime depuis longtemps, pour assurer un avenir à son enfant. Le film explore les thèmes de l'amour, de la responsabilité et des choix difficiles.",https://totemavise.com/media/e5ba1a38-85b0-4ea2-b458-4c0fb8dd3b2d,,,,,,,,,
6787c4ea-cb70-4ede-ae43-0923e66b899e,MOVIE,Fight Club,1999,Drame; Thriller,16,Un homme insomniaque et désabusé cherche un sens à sa vie; il rencontre Tyler Durden et rejoint un club clandestin de combats qui remet en question les valeurs de la société moderne.,https://totemavise.com/media/6787c4ea-cb70-4ede-ae43-0923e66b899e,,,,,,,,,
ea284c1b-4cd7-46ee-98be-163dcd036f27,MOVIE,"Flow, le chat qui n'avait plus peur de l'eau",2024,Animation; Aventure; Fantastique; Familial,TP,"Un chat se réveille dans un monde submergé et doit apprendre à vivre sur un bateau avec d'autres animaux. Pour surmonter sa peur de l'eau, il apprend à s'accepter et à coopérer avec ses nouveaux compagnons.",https://totemavise.com/media/ea284c1b-4cd7-46ee-98be-163dcd036f27,,,,,,,,,
6ac507c1-4778-47eb-8957-0e0d8bb8ec17,MOVIE,Gang de Requins,2004,Animation; Action; Comédie; Familial,10,"Oscar, un poisson ambitieux, prétend être un chasseur de requins après un incident et devient une célébrité locale; il doit gérer mensonges, pression sociale et ses amitiés tout en apprenant la valeur de l'honnêteté.",https://totemavise.com/media/6ac507c1-4778-47eb-8957-0e0d8bb8ec17,,,,,,,,,
44357f2b-ef3e-40a6-a584-c4450887ab43,MOVIE,Harry Potter à l'école des sorciers,2001,Aventure; Fantastique,TP,"Un garçon orphelin maltraité découvre à 11 ans qu'il est sorcier et intègre une école de magie où il se fait des amis, apprend et doit faire face à mystères qui bouleversent son quotidien.",https://totemavise.com/media/44357f2b-ef3e-40a6-a584-c4450887ab43,,,,,,,,,
6d21757a-f816-4284-b303-c5f093255129,MOVIE,Harry Potter et la Chambre des secrets,2002,Aventure; Fantastique,TP,"De retour à Poudlard après l'été, Harry découvre qu'une chambre mystérieuse menace des élèves. Avec Ron et Hermione, il enquête entre magie, créatures et secrets scolaires.",https://totemavise.com/media/6d21757a-f816-4284-b303-c5f093255129,,,,,,,,,
c79fbdae-3d68-47f3-8b33-9f0b1b13ca54,MOVIE,Horton,2008,Animation; Comédie; Familial; Aventure; Fantastique,U,"Horton, un éléphant au grand cœur, entend une voix venue d’un minuscule grain de poussière et découvre une cité microscopique. Il entreprend de protéger ces habitants face au scepticisme et aux dangers, apprenant à défendre ceux qui ne peuvent pas se défendre.",https://totemavise.com/media/c79fbdae-3d68-47f3-8b33-9f0b1b13ca54,,,,,,,,,
5b3c2e4b-f2f8-4137-b233-0d8dec05d1cc,MOVIE,Iron Man,2008,Action; Science-Fiction; Aventure,12,"Tony Stark, riche ingénieur en armement, est capturé par des ennemis qui l'obligent à fabriquer des armes; pour s'évader il conçoit une armure high-tech. De retour chez lui, il décide d'utiliser sa technologie pour protéger les innocents et remettre en question son industrie.",https://totemavise.com/media/5b3c2e4b-f2f8-4137-b233-0d8dec05d1cc,,,,,,,,,
50ddc598-51be-43f7-8747-81bbb42d196c,MOVIE,Junior,1994,Comédie; Science-Fiction,U,"Le Dr Alex Hesse, chercheur obstiné, accepte de tester un traitement révolutionnaire et devient le premier homme enceinte. La comédie suit les situations cocasses et les questionnements sur la parentalité qui en découlent.",https://totemavise.com/media/50ddc598-51be-43f7-8747-81bbb42d196c,,,,,,,,,
32ba4571-01e1-4123-a85e-47652f70c41d,MOVIE,Kamouraska,1973,Drame; Histoire,TOUS_PUBLICS,"Elisabeth, femme de la bourgeoisie, veille son mari malade et replonge, sous l'effet d'un somnifère, dans les souvenirs tumultueux de sa jeunesse. Le film suit ses réminiscences et interroge les choix qui ont façonné sa vie.",https://totemavise.com/media/32ba4571-01e1-4123-a85e-47652f70c41d,,,,,,,,,
d012770c-a267-4e64-81b8-413f85cc29c8,MOVIE,La Belle et le Clochard,1955,Familial; Animation; Romance; Aventure; Comédie,TP,"Lady, une cocker gâtée, vit confortablement avec sa famille jusqu'à la rencontre de Clochard, un chien de rue charmeur. Leurs échanges et aventures rapprochent ces deux mondes et explorent l'amitié, l'amour et la découverte du voisinage.",https://totemavise.com/media/d012770c-a267-4e64-81b8-413f85cc29c8,,,,,,,,,
6e92007c-20bc-48a5-b3a9-b561eb029ff1,MOVIE,La Main au collet,1955,Mystère; Romance; Thriller,TP,"Dans les années 1950 sur la Côte d'Azur, John Robie, ancien cambrioleur devenu gentleman, est soupçonné d'une série de vols de bijoux. Pour prouver son innocence il doit identifier le vrai coupable tout en naviguant luxe et romance.",https://totemavise.com/media/6e92007c-20bc-48a5-b3a9-b561eb029ff1,,,,,,,,,
eae49a5b-0229-4065-8799-25ef2232fa74,MOVIE,La Maison du Futur,1999,Téléfilm; Comédie; Familial; Science-Fiction,CSA_10,"Ben et sa famille emménagent dans une maison entièrement automatisée gérée par l'ordinateur P.A.T. Conçu pour apprendre les habitudes des occupants, l'appareil se lie affectivement aux enfants, créant des frictions avec le père veuf.",https://totemavise.com/media/eae49a5b-0229-4065-8799-25ef2232fa74,,,,,,,,,
2d217c46-56c2-4444-abc9-7067b788dc01,MOVIE,La Petite Nemo et le Monde des rêves,2022,Familial; Fantastique; Comédie,10,"Une fillette découvre une carte secrète qui la conduit au monde onirique de Slumberland. Aidée d’un hors-la-loi excentrique, elle traverse des rêves merveilleux et doit échapper aux cauchemars, tout en cherchant à garder le souvenir de son père.",https://totemavise.com/media/2d217c46-56c2-4444-abc9-7067b788dc01,,,,,,,,,
d76e4a96-0bff-4ff9-9ec0-8320832107a0,MOVIE,La Rage au ventre,2015,Action; Drame,12,"Billy Hope, champion de boxe, voit sa vie basculer après la mort tragique de sa femme. Perdant repères et fortune, il doit se battre pour préserver sa relation avec sa fille et reconstruire sa vie.",https://totemavise.com/media/d76e4a96-0bff-4ff9-9ec0-8320832107a0,,,,,,,,,
a9d3458f-23d4-43a3-85b1-05814c0d1505,MOVIE,Le Destin des Tortues Ninja : Le film,2022,Animation; Action; Science-Fiction; Comédie,CSA_10,"Quand des créatures venues d’un autre univers menacent la ville, les jeunes Tortues Ninja découvrent de nouveaux pouvoirs et doivent s’unir pour protéger leurs proches et affronter ce danger inconnu.",https://totemavise.com/media/a9d3458f-23d4-43a3-85b1-05814c0d1505,,,,,,,,,
cd1f6574-3bd8-4a53-bab5-c20dd1efc456,MOVIE,Le Dragon-Génie,2021,Animation; Familial; Comédie; Fantastique; Romance; Aventure,10,"Din, un étudiant pauvre et ambitieux, découvre Long, un dragon capable d'exaucer des vœux. Ensemble à Shanghai, ils partent à la recherche de Lina, son amie d'enfance, et apprennent ce qui compte réellement.",https://totemavise.com/media/cd1f6574-3bd8-4a53-bab5-c20dd1efc456,,,,,,,,,
145c4ed8-6aa8-4507-aa9d-0e6e11a79d61,MOVIE,Le Monde de Nemo,2003,Animation; Familial,TP,"Quand son fils Nemo est capturé et placé dans un aquarium, Marlin, un père anxieux, traverse l'océan avec Dory, une poisson amnésique et attachante, pour le retrouver; leur quête mêle rencontres drôles et dangers marins.",https://totemavise.com/media/145c4ed8-6aa8-4507-aa9d-0e6e11a79d61,,,,,,,,,
a81d4991-583c-46e6-9269-7b6e1820624e,MOVIE,Le Roi lion,1994,Familial; Animation; Drame; Aventure,TP,"Simba, un jeune lion héritier, grandit dans la savane africaine et rêve de devenir roi. Entouré d'amis hauts en couleur, il explore son identité, ses responsabilités et ce que signifie devenir adulte.",https://totemavise.com/media/a81d4991-583c-46e6-9269-7b6e1820624e,,,,,,,,,
178be189-2bf2-4ab0-a278-86825aa8729a,MOVIE,Le Viager,1972,Comédie,TOUS_PUBLICS,"À Paris, pendant l'entre-deux-guerres, le docteur Galipeau conseille à Émile d'acheter en viager la maison d'un patient, M. Martinet, qui semble en mauvaise santé. Cependant, M. Martinet commence à se rétablir, ce qui complique la situation et entraîne des quiproquos comiques.",https://totemavise.com/media/178be189-2bf2-4ab0-a278-86825aa8729a,,,,,,,,,
51489264-60f0-452f-a7f0-cb2ee5c95882,MOVIE,Les Gardiens de la Galaxie,2014,Action; Science-Fiction; Aventure,12,"Peter Quill, un aventurier humain, tombe sur un mystérieux artefact traqué par un ennemi redoutable. Pour échapper au danger, il s'allie à quatre extraterrestres très différents formant une équipe improbable chargée de protéger la galaxie.",https://totemavise.com/media/51489264-60f0-452f-a7f0-cb2ee5c95882,,,,,,,,,
15658e6f-a228-4f46-a6c6-37ab05018e75,MOVIE,Les Mitchell contre les machines,2021,Animation; Aventure; Comédie,10,Katie Mitchell part en road‑trip avec sa famille avant son entrée à l'université. Leur voyage est interrompu par une révolte des appareils électroniques et la famille doit s'unir pour affronter les robots et protéger le monde.,https://totemavise.com/media/15658e6f-a228-4f46-a6c6-37ab05018e75,,,,,,,,,
ac4a7d3e-fd87-4016-80b6-0943287deeb0,MOVIE,Les Schtroumpfs et le village perdu,2017,Familial; Comédie; Aventure; Animation,TOUS_PUBLICS,"La Schtroumpfette et ses amis partent à l'aventure pour découvrir un village mystérieux. Ils doivent faire face à des défis et à Gargamel, qui veut les arrêter, tout en apprenant l'importance de l'amitié et du courage.",https://totemavise.com/media/ac4a7d3e-fd87-4016-80b6-0943287deeb0,,,,,,,,,
ed004f17-7a1f-4b35-a09a-ec3f11ed8da0,MOVIE,Les Sept de Chicago,2020,Drame; Histoire,16,"À la suite d'une manifestation anti-guerre des années 1960 qui dégénère en heurts avec la police, sept militants sont poursuivis dans un procès très médiatisé. Le film suit les audiences et les tensions politiques qui reflètent les conflits sociaux de l'époque.",https://totemavise.com/media/ed004f17-7a1f-4b35-a09a-ec3f11ed8da0,,,,,,,,,
dcca9e5a-6696-4c7a-9e24-4d9aaad47175,MOVIE,Les Trolls,2016,Familial; Animation; Fantastique; Aventure; Comédie; Musique,TP,"Dans un monde coloré peuplé de créatures chantantes, la joyeuse Poppy part à la recherche de ses amis capturés. Son voyage la pousse hors de leur paradis et met en avant l'amitié et le courage.",https://totemavise.com/media/dcca9e5a-6696-4c7a-9e24-4d9aaad47175,,,,,,,,,
57702027-8d6c-4e2b-9251-0c47dbed17c8,MOVIE,Les Trolls 2 : Tournée mondiale,2020,Familial; Animation; Comédie; Fantastique; Aventure; Musique,TP,"Poppy et Branch découvrent l'existence de six tribus de Trolls, chacune dédiée à un genre musical différent. Ils entreprennent un voyage pour rencontrer ces communautés et apprendre la valeur de la diversité et de l'unité.",https://totemavise.com/media/57702027-8d6c-4e2b-9251-0c47dbed17c8,,,,,,,,,
c0a38167-6a4b-47be-bd7a-b207f4548540,MOVIE,Lolita,1962,Drame; Comédie,TP,"Le romancier Humbert Humbert devient le tuteur de Lolita, la fille de Charlotte Haze, et l'épouse pour se rapprocher d'elle. Il développe une attirance inappropriée envers l'adolescente et la place au centre d'une relation troublante.",https://totemavise.com/media/c0a38167-6a4b-47be-bd7a-b207f4548540,,,,,,,,,
f93c64c7-12b3-4746-85a9-bd0803a57494,MOVIE,M. Popper et ses pingouins,2011,Comédie; Familial,10,"Mr. Popper, cadre new-yorkais focalisé sur sa carrière, reçoit un pingouin en héritage. Rapidement accompagné d'une colonie, ces animaux envahissent son appartement et l'obligent à repenser sa vie et ses priorités familiales.",https://totemavise.com/media/f93c64c7-12b3-4746-85a9-bd0803a57494,,,,,,,,,
939d92f9-a212-41da-8045-b8417b9ecbef,MOVIE,Madagascar 3 : Bons baisers d'Europe,2012,Animation; Familial; Comédie; Aventure,10,"Alex, Marty, Gloria et Melman cherchent à rentrer chez eux et se retrouvent en Europe ; pour continuer leur voyage, ils se cachent dans un cirque ambulant et aident à réinventer le spectacle.",https://totemavise.com/media/939d92f9-a212-41da-8045-b8417b9ecbef,,,,,,,,,
76aafc4a-0c91-404f-8263-25c4cd5cc8be,MOVIE,Matrix Resurrections,2021,Science-Fiction; Action; Aventure,TOUS_PUBLICS,"Dix-huit ans après, Thomas Anderson (Neo) vit à San Francisco sans souvenirs de son passé; hanté par des rêves étranges et un suivi psychiatrique, il retrouve des visages familiers et doit choisir entre rester dans une réalité virtuelle ou en sortir.",https://totemavise.com/media/76aafc4a-0c91-404f-8263-25c4cd5cc8be,,,,,,,,,
4ea930fe-e8c3-4768-b32c-109e8b6d5c40,MOVIE,Minuit à Paris,2011,Fantastique; Comédie; Romance,U,"À Paris, un scénariste américain en visite avant son mariage découvre qu'à minuit il est mystérieusement transporté dans le passé, où il rencontre des artistes célèbres et questionne ses choix de vie.",https://totemavise.com/media/4ea930fe-e8c3-4768-b32c-109e8b6d5c40,,,,,,,,,
ee4a0ed4-9fd3-42e3-a3a0-a71ca1f780d1,MOVIE,Mon bébé,2019,Comédie; Drame,TOUS_PUBLICS,"Héloïse, mère de trois enfants, voit sa cadette Jade, 18 ans, se préparer à partir étudier au Canada. Face à la perspective du baccalauréat et du départ, elle revisite leurs souvenirs et cherche à préserver ces moments partagés.",https://totemavise.com/media/ee4a0ed4-9fd3-42e3-a3a0-a71ca1f780d1,,,,,,,,,
2b44b290-bab4-4b08-8b4f-0c1ddc1259b4,MOVIE,Noëlle,2019,Familial; Comédie; Fantastique,CSA_18,"Noëlle, fille du père Noël, veut prouver qu'elle peut accomplir quelque chose d'important. Lorsque son frère désigné pour succéder à leur père craque sous la pression, elle part à sa recherche pour préserver la magie de Noël.",https://totemavise.com/media/2b44b290-bab4-4b08-8b4f-0c1ddc1259b4,,,,,,,,,
8f43bdad-cf40-404c-8912-d9e73a127233,MOVIE,Paddington,2014,Comédie; Aventure; Familial,U,"Un jeune ours péruvien arrive à Londres à la recherche d'un foyer. Accueilli par la famille Brown, il découvre la ville et tente de s'adapter, entraînant malentendus comiques et petites aventures.",https://totemavise.com/media/8f43bdad-cf40-404c-8912-d9e73a127233,,,,,,,,,
0855aab0-9a77-4354-a184-9b4a398d5310,MOVIE,Portrait of Norma Jeane,2025,,TP,"Portrait of Norma Jeane est un poème cinématographique qui explore la vie de Norma Jeane Baker, connue sous le nom de Marilyn Monroe. Le film met en lumière ses luttes personnelles et son ascension en tant que sex symbol emblématique des années 50 et 60.",https://totemavise.com/media/0855aab0-9a77-4354-a184-9b4a398d5310,,,,,,,,,
90787f1d-82cf-41b9-8d8d-9eeb18225350,MOVIE,Pulp Fiction,1994,Thriller; Crime; Comédie,16,"Plusieurs histoires criminelles s'entrecroisent dans le milieu d'Hollywood : deux tueurs à gages, un boxeur en fuite et d'autres personnages se croisent dans une comédie noire au ton sombre et à la narration non linéaire.",https://totemavise.com/media/90787f1d-82cf-41b9-8d8d-9eeb18225350,,,,,,,,,
22ce70cb-e889-4cc3-8f9e-2347d6597da8,MOVIE,Revenge,2018,Action; Horreur; Thriller,12,"Une jeune maîtresse se retrouve abandonnée dans un désert après une partie de chasse qui dégénère, devenant la cible d'une chasse mortelle. Le film suit sa lutte pour survivre et obtenir justice dans un cadre impitoyable.",https://totemavise.com/media/22ce70cb-e889-4cc3-8f9e-2347d6597da8,,,,,,,,,
f5b830b1-f289-4a82-a8af-35c836da3bf8,MOVIE,Rushmore,1998,Comédie; Drame,U,"Max Fischer, élève excentrique de l'Académie Rushmore, multiplie projets artistiques malgré ses difficultés scolaires. Le film suit ses liens compliqués avec camarades et adultes alors qu'il cherche sa place et la reconnaissance.",https://totemavise.com/media/f5b830b1-f289-4a82-a8af-35c836da3bf8,,,,,,,,,
7e16a16b-cb32-4988-92f2-7f868d679ecc,MOVIE,Scream 2,1997,Horreur; Mystère,12,"Sidney Prescott, survivante d'une tuerie, retourne sur un campus universitaire alors qu'un nouveau film s'inspire des événements tragiques. Quand un imitateur s'en prend à son entourage, la peur et la méfiance montent et Sidney doit affronter ce nouveau danger.",https://totemavise.com/media/7e16a16b-cb32-4988-92f2-7f868d679ecc,,,,,,,,,
62fd51dc-2c1b-4933-98f6-1fb8b5548eb2,MOVIE,"Shaun le Mouton, le film",2015,Familial; Animation; Comédie; Aventure,U,"Shaun, un mouton malin lassé de la routine, décide de prendre un jour de congé. Sa tentative pour endormir le fermier tourne mal et propulse le troupeau dans une aventure urbaine pleine d'imprévus.",https://totemavise.com/media/62fd51dc-2c1b-4933-98f6-1fb8b5548eb2,,,,,,,,,
8cb19e42-5285-4109-b8ae-f20222493cfc,MOVIE,Sin City,2005,Crime; Thriller,12,"Dans une ville corrompue, plusieurs histoires s'entrecroisent autour de policiers, d'hommes en quête de vengeance et d'habitants confrontés à la violence et à la survie dans un univers néo-noir stylisé.",https://totemavise.com/media/8cb19e42-5285-4109-b8ae-f20222493cfc,,,,,,,,,
1d7700d4-79f2-448b-832b-e028b185990d,MOVIE,Slogan,1969,Drame; Comédie; Romance,TOUS_PUBLICS,Le film raconte les amours tumultueuses d'un réalisateur de films publicitaires à succès et d'une jeune Anglaise romantique. Leur relation est marquée par des passions intenses et des conflits émotionnels.,https://totemavise.com/media/1d7700d4-79f2-448b-832b-e028b185990d,,,,,,,,,
1582141f-66e0-4741-b64c-f92d5721498e,MOVIE,Snoopy et les Peanuts : Le film,2015,Comédie; Animation; Familial,U,"Charlie Brown tente de gagner en confiance et de trouver sa place au sein de son groupe d'amis. Pendant ce temps, son chien Snoopy s'évade dans de grandes aventures imaginaires où il affronte le Baron Rouge.",https://totemavise.com/media/1582141f-66e0-4741-b64c-f92d5721498e,,,,,,,,,
b0f45b94-59bb-45a3-8f53-640d8590bc39,MOVIE,Solaris,1972,Drame; Science-Fiction; Mystère,TP,"Sur une station orbitale étudiant la mystérieuse planète Solaris, l'équipage est perturbé par des phénomènes inexpliqués. Le psychologue Kris Kelvin débarque pour enquêter et se retrouve confronté à une apparition liée à son passé, explorant la mémoire et l'amour perdu.",https://totemavise.com/media/b0f45b94-59bb-45a3-8f53-640d8590bc39,,,,,,,,,
fd752ee4-2d9c-4636-a50b-2540306f0023,MOVIE,Taken 3,2014,Thriller; Action,CSA_16,"L'ex-agent spécial Bryan Mills, accusé à tort du meurtre de son ex-femme, doit prouver son innocence tout en protégeant sa fille. Traqué par la police, il utilise ses compétences pour retrouver le véritable coupable et sauver sa famille.",https://totemavise.com/media/fd752ee4-2d9c-4636-a50b-2540306f0023,,,,,,,,,
2effd0da-0b8a-483f-96da-1a8fe57c2991,MOVIE,The Tomorrow War,2021,Action; Science-Fiction; Aventure,16,"Des soldats du futur arrivent en 2051 pour annoncer qu'une guerre contre une espèce extraterrestre décimera l'humanité. Dan, professeur et ancien militaire, est enrôlé pour combattre et tenter de sauver sa fille et l'avenir de la planète.",https://totemavise.com/media/2effd0da-0b8a-483f-96da-1a8fe57c2991,,,,,,,,,
dac7d093-940e-40d8-be9a-b22acb2ea29e,MOVIE,Titanic,1997,Drame; Romance,12,"En 1912, Rose, issue de la haute société, rencontre Jack, un jeune artiste pauvre, à bord du paquebot Titanic; une romance naît malgré les différences sociales alors que le voyage prend un tournant dramatique.",https://totemavise.com/media/dac7d093-940e-40d8-be9a-b22acb2ea29e,,,,,,,,,
459ab32c-a1c6-440c-b536-a369d0ce9215,MOVIE,Toc-Toc,1940,Animation; Comédie,CSA_12,Andy Panda demande à son père s'il est possible d'attraper un oiseau en mettant du sel sur sa queue. Ses tentatives pour piéger un pic entraînent une série de gags physiques et de situations comiques.,https://totemavise.com/media/459ab32c-a1c6-440c-b536-a369d0ce9215,,,,,,,,,
a3fe88b6-3169-4f9a-b954-859062f2dad7,MOVIE,Toy Story,1995,Familial; Comédie; Animation; Aventure,TP,"Dans un monde où les jouets s'animent quand les humains ne regardent pas, Woody, un cow-boy jouet, voit sa place menacée par l'arrivée du moderne Buzz l'Éclair; rivalités et jalousies poussent les jouets à naviguer leurs relations tout en protégeant leur enfant propriétaire.",https://totemavise.com/media/a3fe88b6-3169-4f9a-b954-859062f2dad7,,,,,,,,,
39ed3efb-c3e6-40c3-ad90-da114158630a,MOVIE,Un mariage de princesse,2004,Comédie; Drame; Familial; Romance,10,"Mia, héritière du petit royaume de Genovie, apprend qu'elle doit se marier pour être couronnée. Entre prétendants, protocole et pressions publiques, elle navigue ses devoirs tout en cherchant sa voie personnelle.",https://totemavise.com/media/39ed3efb-c3e6-40c3-ad90-da114158630a,,,,,,,,,
6ad2c04c-2c54-4315-9959-2c8633d6bb41,MOVIE,Une vierge chez les morts-vivants,1973,Horreur,CSA_18,"Christina, jeune héritière isolée, se rend dans la vallée familiale après le décès de son père. Sur place, l'atmosphère devient oppressante et elle découvre que les membres de sa famille semblent liés à une force surnaturelle de morts-vivants.",https://totemavise.com/media/6ad2c04c-2c54-4315-9959-2c8633d6bb41,,,,,,,,,
23985d35-c8be-4b2e-ac43-323d782fb4b6,MOVIE,Vice-versa,2015,Animation; Familial; Aventure; Drame; Comédie,TP,"Quand Riley, une préadolescente, déménage, ses émotions — Joie, Tristesse, Colère, Peur et Dégoût — tentent de la guider depuis le «quartier général» de son esprit pour l'aider à s'adapter à ce grand changement.",https://totemavise.com/media/23985d35-c8be-4b2e-ac43-323d782fb4b6,,,,,,,,,
87dc6ee7-99f3-4527-a412-816b729aa282,MOVIE,Vivre !,1994,Drame; Romance; Guerre,U,"Dans la Chine des années 1940 à 1970, Fugui et sa famille affrontent bouleversements historiques et difficultés quotidiennes. Le film explore leurs luttes personnelles et la manière dont ces événements mettent à l'épreuve leurs liens familiaux.",https://totemavise.com/media/87dc6ee7-99f3-4527-a412-816b729aa282,,,,,,,,,
2eb49468-f860-47d4-86e1-e78f04cbd253,MOVIE,WALL·E,2008,Animation; Familial; Science-Fiction,TP,"WALL·E est un petit robot chargé de compacter les déchets sur une Terre abandonnée; seul depuis des siècles, il développe une personnalité et s'attache à EVE, un robot missionné qu'il suit dans l'espace, lançant leur aventure.",https://totemavise.com/media/2eb49468-f860-47d4-86e1-e78f04cbd253,,,,,,,,,
283e8962-9903-431f-aadf-c76626f3b40b,MOVIE,White Snake,2019,Romance; Animation; Fantastique,TOUS_PUBLICS,"Après avoir perdu la mémoire, Blanca, une jeune femme mystérieuse, est secourue par le chasseur de serpents Xuan. Ensemble ils cherchent des indices sur son identité, affrontent dangers et obstacles, et voient naître des sentiments alors qu'une menace grandit.",https://totemavise.com/media/283e8962-9903-431f-aadf-c76626f3b40b,,,,,,,,,
611f2ae7-d869-4818-9fde-8f523ff79f0f,MOVIE,Willow,1988,Fantastique; Aventure; Action,TP,"Dans un royaume de Nelwyns, le fermier Willow découvre le bébé Elora, promise à un grand destin et traquée par une reine maléfique. Willow part en quête pour la protéger, affrontant créatures et magie tout en s'appuyant sur des alliés inattendus.",https://totemavise.com/media/611f2ae7-d869-4818-9fde-8f523ff79f0f,,,,,,,,,
b705b6d2-586b-45cb-9b70-175ca4ce7b38,MOVIE,Zoé + Juju,2022,Familial; Aventure; Comédie,CSA_10,"Deux fillettes que tout sépare deviennent amies et unissent leurs imaginations pour mener une mission pleine d'aventures et de malice, confrontant petites épreuves et grandes idées sans danger majeur.",https://totemavise.com/media/b705b6d2-586b-45cb-9b70-175ca4ce7b38,,,,,,,,,
0212c85d-33a3-417e-b2b3-a2cb7816e112,MOVIE,Zoé + Juju : La Chasse au fantôme de l'école,2022,Familial; Comédie,CSA_10,"Zoé et Juju forment une bande pour enquêter sur un mystérieux fantôme qui hante les toilettes de l'école, le jour où la sœur de Juju organise une soirée portes ouvertes; rires et petits frissons accompagnent leur enquête.",https://totemavise.com/media/0212c85d-33a3-417e-b2b3-a2cb7816e112,,,,,,,,,
09ce8ce0-6d5f-4953-ada9-17ab04ba0fee,MOVIE,Zoom : L'Académie des super-héros,2006,Familial; Comédie; Aventure; Action; Science-Fiction,CSA_10,"Un super-héros en perte de vitesse est rappelé à l'action par une agence secrète pour former une nouvelle génération de héros. Ensemble, ils doivent surmonter des défis et apprendre à travailler en équipe pour sauver le monde.",https://totemavise.com/media/09ce8ce0-6d5f-4953-ada9-17ab04ba0fee,,,,,,,,,
08773e73-18dc-4e94-aa69-352ea82a54b0,TV,Adventure Time,2010,Animation; Comédie; Science-Fiction & Fantastique,NR,"Adventure Time suit Finn, un garçon qui rêve d'être un héros, et Jake, son chien métamorphe aux pouvoirs magiques. Ensemble, ils explorent le pays fantastique et souvent étrange d'Ooo, vivant des aventures imaginatives et variées.",https://totemavise.com/media/08773e73-18dc-4e94-aa69-352ea82a54b0,,,,,,,,,
763855c0-873b-4710-887e-3794b79458b4,TV,Alf,1986,Familial; Comédie; Drame,NR,"Gordon Shumway, un extraterrestre de la planète Melmac surnommé ALF, s'écrase chez la famille Tanner. Les Tanner le cachent tout en gérant les quiproquos et les situations comiques et touchantes qui suivent.",https://totemavise.com/media/763855c0-873b-4710-887e-3794b79458b4,,,,,,,,,
1a05fd40-52c6-41f2-b97b-d01fdcfc5ce9,TV,American Horror Story,2011,Drame; Mystère; Science-Fiction & Fantastique,12,"American Horror Story est une série anthologique où chaque saison raconte une nouvelle histoire d'horreur centrée sur un lieu ou un groupe de personnages. Elle mêle éléments surnaturels et drame psychologique pour explorer peurs, secrets et tensions morales sans suivre une seule intrigue continue.",https://totemavise.com/media/1a05fd40-52c6-41f2-b97b-d01fdcfc5ce9,,,,,,,,,
d61e88a4-3755-492e-9a63-794e6195a10a,TV,Avatar : Le Dernier Maître de l'air,2005,Animation; Action & Adventure; Science-Fiction & Fantastique,12,"Ang, jeune Maître de l'Air et Avatar, se réveille après un siècle de sommeil dans un monde contrôlé par la Nation du Feu. Avec ses nouveaux amis, il doit apprendre à maîtriser les éléments pour affronter des dangers et tenter de rétablir l'équilibre du monde.",https://totemavise.com/media/d61e88a4-3755-492e-9a63-794e6195a10a,,,,,,,,,
af027082-87e2-41cd-b4f8-8974ffa0837c,TV,Billions,2016,Drame,12,"Dans Billions, le procureur fédéral Chuck Rhoades s'oppose au gestionnaire de fonds Bobby 'Axe' Axelrod dans une lutte d'influence et d'enquête autour de pratiques financières douteuses. La série explore stratégie, pouvoir et rivalité dans l'univers impitoyable de la finance.",https://totemavise.com/media/af027082-87e2-41cd-b4f8-8974ffa0837c,,,,,,,,,
cb41f4b4-d8d3-42b5-a574-60e3012de6e5,TV,Doraemon,2005,Action & Adventure; Animation; Comédie; Science-Fiction & Fantastique; Kids; Familial,12,"Doraemon, un chat-robot venu du futur, arrive pour aider Nobita, un jeune garçon maladroit, à améliorer son quotidien grâce à des gadgets extraordinaires. Chaque épisode mêle aventures imaginatives et situations humoristiques tout en illustrant de petites leçons de vie.",https://totemavise.com/media/cb41f4b4-d8d3-42b5-a574-60e3012de6e5,,,,,,,,,
9e12b6fa-9a72-46c9-9f01-ad02898c1a01,TV,Evil,2019,Crime; Drame; Mystère,12,"Kristen Bouchard, psychologue sceptique, collabore avec un prêtre en formation et un entrepreneur pour enquêter sur des miracles et phénomènes inexpliqués. Ils cherchent à déterminer si ces événements ont des causes scientifiques, psychologiques ou surnaturelles.",https://totemavise.com/media/9e12b6fa-9a72-46c9-9f01-ad02898c1a01,,,,,,,,,
5a29e76b-b24c-4c46-8a50-a56a22d5f7ff,TV,Flynn Carson et les nouveaux aventuriers,2014,Action & Adventure; Drame; Comédie,16,"Flynn Carson, bibliothécaire aventurier, dirige une équipe de jeunes aux talents uniques pour retrouver des artefacts puissants. Ensemble, ils résolvent des mystères et affrontent des forces surnaturelles dans des missions mêlant action et humour.",https://totemavise.com/media/5a29e76b-b24c-4c46-8a50-a56a22d5f7ff,,,,,,,,,
19ebfc7d-bf12-43ef-86b2-13af612e7a93,TV,Game of Thrones,2011,Science-Fiction & Fantastique; Drame; Action & Adventure,16,"Dans un royaume médiéval fantastique, plusieurs familles nobles s'affrontent pour le Trône de fer tandis que la Garde de Nuit et d'autres factions défendent le royaume contre des menaces venues du Nord. Trahisons, alliances et éléments surnaturels tissent une lutte de pouvoir aux enjeux élevés.",https://totemavise.com/media/19ebfc7d-bf12-43ef-86b2-13af612e7a93,,,,,,,,,
2ad297a8-1c27-4811-a509-9606f5f37d00,TV,iCarly,2007,Comédie; Kids,TP,"Carly Shay, adolescente de 13 ans, lance avec ses amis Sam et Freddie une émission web qu'ils produisent depuis sa chambre. La série suit leurs sketches, péripéties et défis d'amitié sur un ton comique et léger.",https://totemavise.com/media/2ad297a8-1c27-4811-a509-9606f5f37d00,,,,,,,,,
fa2ca60b-a64d-4853-a8a4-4e0cd27b9e3f,TV,InuYasha,2000,Animation; Science-Fiction & Fantastique; Action & Adventure; Comédie; Mystère,16,"Kagome, 15 ans, est projetée depuis le Japon moderne dans l’époque Sengoku où elle rencontre InuYasha, un hybride humain-démon. Ensemble, ils cherchent les fragments de la perle de Shikon et affrontent monstres tout en naviguant entre deux époques.",https://totemavise.com/media/fa2ca60b-a64d-4853-a8a4-4e0cd27b9e3f,,,,,,,,,
f67868fe-dfee-4d7e-adcc-07b1a6bdaa6a,TV,Jake et les Pirates du Pays imaginaire,2011,Familial; Animation; Action & Adventure,12,"Jake, Izzy et Le Frisé sont de jeunes pirates qui explorent le Pays imaginaire à la recherche d'aventures et de trésors. Ils affrontent le Capitaine Crochet et ses complices dans des épisodes courts mêlant chansons, énigmes et esprit d'équipe.",https://totemavise.com/media/f67868fe-dfee-4d7e-adcc-07b1a6bdaa6a,,,,,,,,,
f3d252c2-19a0-4648-97e2-293f257e014e,TV,La maison de Mickey,2006,Kids; Animation; Comédie; Science-Fiction & Fantastique; Action & Adventure,NR,"Dans La maison de Mickey, Mickey et ses amis vivent de courtes aventures interactives où ils résolvent des énigmes simples avec l'aide d'outils et de la participation des enfants. La série combine comédie et aventure pour enseigner coopération, comptage et logique aux tout-petits.",https://totemavise.com/media/f3d252c2-19a0-4648-97e2-293f257e014e,,,,,,,,,
37645808-59a1-4bc5-87da-db94b7d331b7,TV,La Pat' Patrouille,2013,Animation; Kids,NR,"La Pat' Patrouille suit Ryder et une équipe de chiots spécialisés qui interviennent pour résoudre des problèmes et aider leur communauté. Chaque épisode propose une mission courte axée sur la coopération, le secours et l'ingéniosité.",https://totemavise.com/media/37645808-59a1-4bc5-87da-db94b7d331b7,,,,,,,,,
27ac685e-a68a-43c3-8300-11154804b49b,TV,Le Monde incroyable de Gumball,2011,Animation; Familial; Science-Fiction & Fantastique; Comédie,NR,"La série suit Gumball, un chaton bleu de 12 ans, et son frère adoptif Darwin, un poisson rouge, dans leurs aventures quotidiennes à Elmore. Les épisodes mêlent comédie absurde et situations familiales dans une ville peuplée de personnages étranges.",https://totemavise.com/media/27ac685e-a68a-43c3-8300-11154804b49b,,,,,,,,,
afe1430a-5ccf-405b-bb58-4ff18a6416ef,TV,Legacies,2018,Science-Fiction & Fantastique; Drame,10,"Legacies suit Hope Mikaelson et d'autres adolescents surnaturels à l'école Salvatore, où ils apprennent à maîtriser leurs pouvoirs tout en gérant les drames personnels. La série mêle fantastique et vie lycéenne, explorant identité, amitié et conflits intérieurs sans divulgâcher l'intrigue.",https://totemavise.com/media/afe1430a-5ccf-405b-bb58-4ff18a6416ef,,,,,,,,,
0d75a343-5469-4456-829e-146c474c1e37,TV,Les Razmoket,1991,Familial; Animation; Kids; Comédie,NR,"Les Razmoket suit un groupe de bébés curieux qui transforment leur quotidien en grandes aventures imaginaires dès que les adultes ne regardent plus. Leurs péripéties explorent la découverte du monde, la famille et l'amitié à travers le regard enfantin.",https://totemavise.com/media/0d75a343-5469-4456-829e-146c474c1e37,,,,,,,,,
46639671-92d4-4687-b9c4-3e22634504e3,TV,Les Simpson,1989,Familial; Animation; Comédie,NR,"Située à Springfield, la série suit la famille Simpson — Homer, Marge, Bart, Lisa et Maggie — dans leur quotidien. Par l'humour et la satire, elle explore les relations familiales et la culture populaire sans suivre d'intrigue unique.",https://totemavise.com/media/46639671-92d4-4687-b9c4-3e22634504e3,,,,,,,,,
952e3fb7-a008-4ab2-bbe2-e44c133bb54b,TV,Lilo & Stitch: la série,2003,Animation; Familial; Comédie; Action & Adventure; Science-Fiction & Fantastique; Kids,12,"Lilo & Stitch: la série suit Lilo et son ami extraterrestre Stitch alors qu'ils traquent et recueillent d'autres «expériences» créées par le Dr Jumba. Chaque épisode présente une nouvelle créature, des aventures comiques et des leçons sur la famille et l'appartenance.",https://totemavise.com/media/952e3fb7-a008-4ab2-bbe2-e44c133bb54b,,,,,,,,,
63bdaaeb-38f0-4077-b50d-775221fa95b7,TV,Lost : Les Disparus,2004,Mystère; Action & Adventure; Drame,NR,"Après le crash de leur avion sur une île isolée, un groupe de survivants doit s'organiser pour subsister et se protéger. Ils découvrent bientôt que l'île recèle mystères et dangers qui testent leurs relations et leurs limites.",https://totemavise.com/media/63bdaaeb-38f0-4077-b50d-775221fa95b7,,,,,,,,,
ac5a3f9b-5e33-4546-8192-a09a24cb3872,TV,Marvel : Les Agents du S.H.I.E.L.D.,2013,Drame; Science-Fiction & Fantastique; Action & Adventure,12,"Après les événements des Avengers, l'agent Phil Coulson rassemble une équipe du S.H.I.E.L.D. pour enquêter sur phénomènes étranges et protéger le public. L'équipe mêle compétences de combat et avancées scientifiques tout en tissant des liens personnels face à menaces variées.",https://totemavise.com/media/ac5a3f9b-5e33-4546-8192-a09a24cb3872,,,,,,,,,
bf8722cc-ded2-4ec7-920d-073a85d1da82,TV,"Miraculous, les aventures de Ladybug et Chat Noir",2015,Action & Adventure; Animation; Kids,NR,"À Paris, deux collégiens, Marinette et Adrien, se transforment en Ladybug et Chat Noir pour combattre des créatures envoyées par le mystérieux Papillon. Ils protègent la ville tout en gérant la vie quotidienne d'adolescents.",https://totemavise.com/media/bf8722cc-ded2-4ec7-920d-073a85d1da82,,,,,,,,,
44b2de80-f142-467a-9e5d-23d48a7636e7,TV,One Piece,1999,Action & Adventure; Comédie; Animation,10,"One Piece suit Monkey D. Luffy, un jeune pirate au chapeau de paille, qui quitte son village pour trouver le trésor légendaire ""One Piece"" et devenir le Roi des Pirates. Avec son équipage hétéroclite, il parcourt les mers, affronte des ennemis et apprend des valeurs d'amitié et de courage.",https://totemavise.com/media/44b2de80-f142-467a-9e5d-23d48a7636e7,,,,,,,,,
74e90f34-3c7f-4db1-bf19-5d6c2c968d4e,TV,One-Punch Man,2015,Animation; Comédie; Action & Adventure; Science-Fiction & Fantastique,10,"Saitama, un homme ordinaire, devient super-héros après un entraînement extrême et peut vaincre n'importe quel ennemi d'un seul coup. Lassé par sa puissance, il cherche un adversaire à sa mesure tout en évoluant dans un monde peuplé de héros et de monstres.",https://totemavise.com/media/74e90f34-3c7f-4db1-bf19-5d6c2c968d4e,,,,,,,,,
8edc191c-ad9a-4d78-b12f-a540d3a644e5,TV,Papa bricole,1991,Comédie,16,Tim Taylor anime une émission de bricolage où son enthousiasme et ses inventions tourne(nt) souvent au gag. La série suit ses maladresses domestiques et les répercussions comiques sur sa femme et leurs trois fils.,https://totemavise.com/media/8edc191c-ad9a-4d78-b12f-a540d3a644e5,,,,,,,,,
9e8a98e4-3de7-45d5-b030-16600a688073,TV,Pokémon,1997,Animation; Action & Adventure; Science-Fiction & Fantastique,NR,"Sacha, un jeune dresseur, parcourt diverses régions avec son Pikachu pour capturer des Pokémon et participer à des combats et concours. Chaque épisode suit leurs rencontres, défis et apprentissages autour de l'amitié et de la détermination.",https://totemavise.com/media/9e8a98e4-3de7-45d5-b030-16600a688073,,,,,,,,,
16a0b9cb-3498-4579-9cef-8f0d904549b2,TV,Sailor Moon,1992,Action & Adventure; Animation; Comédie; Science-Fiction & Fantastique; Kids,TP,"Bunny Tsukino, collégienne de 14 ans, découvre qu'elle est destinée à devenir Sailor Moon, une guerrière magique chargée de protéger la Terre. Avec l'aide de ses amies, elle affronte des forces du mal tout en jonglant avec l'école et l'amitié.",https://totemavise.com/media/16a0b9cb-3498-4579-9cef-8f0d904549b2,,,,,,,,,
0b62b0aa-5a2e-4aff-83c6-a527b9ebe01c,TV,Shameless,2011,Drame; Comédie,10,"La série suit Fiona Gallagher, l'aînée qui doit s'occuper de ses frères et sœurs dans un quartier difficile pendant que leur père alcoolique ne les soutient pas et leur mère les a abandonnés. Mélange de comédie et de drame, elle montre les défis quotidiens d'une famille en crise.",https://totemavise.com/media/0b62b0aa-5a2e-4aff-83c6-a527b9ebe01c,,,,,,,,,
61e80452-f0c7-4cc3-9b12-e185101f1b9f,TV,SPY x FAMILY,2022,Animation; Action & Adventure; Comédie,10,"Un espion doit se faire passer pour un père de famille pour infiltrer une école aristocratique. Sa 'femme' est une tueuse à gages et leur fille adoptive est télépathe, générant des situations comiques et touchantes sans révéler l'intrigue.",https://totemavise.com/media/61e80452-f0c7-4cc3-9b12-e185101f1b9f,,,,,,,,,
615bff7c-e02d-4009-b86b-09f308b394d6,TV,Teen Titans Go!,2013,Animation; Action & Adventure; Comédie; Familial; Science-Fiction & Fantastique,10,"Teen Titans Go! suit Robin, Cyborg, Starfire, Raven et Beast Boy dans leur vie quotidienne quand ils ne combattent pas le crime. La série mise sur l'humour absurde et les gags rapides pour explorer l'amitié et les petites tensions du groupe.",https://totemavise.com/media/615bff7c-e02d-4009-b86b-09f308b394d6,,,,,,,,,
41515b19-a4d1-41ac-a073-ec8f2eeceb50,TV,The Big Bang Theory,2007,Comédie,NR,"Deux physiciens brillants mais socialement maladroits voient leur quotidien bouleversé par l'arrivée de Penny, leur nouvelle voisine; elle les aide à naviguer relations et vie quotidienne, mêlant humour geek et situations de foyer.",https://totemavise.com/media/41515b19-a4d1-41ac-a073-ec8f2eeceb50,,,,,,,,,
5f1f34d5-84b8-436c-8105-206e5d7e7676,TV,The Last Kingdom,2015,Action & Adventure; Drame; War & Politics,10,"En Angleterre au IXe siècle, Uhtred, fils d'un noble, est enlevé et élevé par des Vikings. Déchiré entre deux cultures, il doit choisir entre ses origines et le peuple qui l'a élevé.",https://totemavise.com/media/5f1f34d5-84b8-436c-8105-206e5d7e7676,,,,,,,,,
c1c35a47-0414-4b2b-8883-fa3ea59bbe35,TV,The Shield,2002,Crime; Drame; Action & Adventure,12,"Vic Mackey dirige la Strike Team, une unité policière d'élite à Los Angeles qui combat gangs et trafic de drogue. Leur efficacité est contrebalancée par des méthodes souvent violentes et illégales, posant de fortes questions morales.",https://totemavise.com/media/c1c35a47-0414-4b2b-8883-fa3ea59bbe35,,,,,,,,,
15195f3d-b1e4-48dd-8186-e2e45d3043b3,TV,Tom et Jerry Show,2014,Familial; Animation; Comédie; Kids,12,Le chat Tom et la souris Jerry reprennent leurs poursuites comiques dans cette version moderne de la série classique. Chaque épisode propose des gags slapstick et des quiproquos centrés sur leur rivalité sans intrigue lourde.,https://totemavise.com/media/15195f3d-b1e4-48dd-8186-e2e45d3043b3,,,,,,,,,
babd224e-36d9-4ba1-af42-5a502acf9925,TV,Victoria,2016,Drame,16,"La série suit les débuts de la reine Victoria après son accession au trône à 18 ans, entre devoirs publics et doutes privés. Elle montre ses premiers émois et les enjeux politiques et sociaux qui éprouvent sa jeune autorité.",https://totemavise.com/media/babd224e-36d9-4ba1-af42-5a502acf9925,,,,,,,,,
